<?xml version="1.0" encoding="utf-8" ?><dwsync><file name="easytabs.js" server="sccc.premiumdw.com/sccc.premiumdw.com/" local="3384919892" remote="50629549591" Dst="-1" /><file name="felt_tip_roman-cleartype.png" server="sccc.premiumdw.com/sccc.premiumdw.com/" local="3384919892" remote="123643993624" Dst="-1" /><file name="grid_12-825-55-15.css" server="sccc.premiumdw.com/sccc.premiumdw.com/" local="3384919892" remote="93579222552" Dst="-1" /><file name="specimen_stylesheet.css" server="sccc.premiumdw.com/sccc.premiumdw.com/" local="3384919892" remote="102169157144" Dst="-1" /><file name="easytabs.js" server="ps16781.dreamhost.com/mikesinkula.com/" local="3384919892" remote="318763443829274443" Dst="-1" /><file name="felt_tip_roman-cleartype.png" server="ps16781.dreamhost.com/mikesinkula.com/" local="3384919892" remote="318763443829274443" Dst="-1" /><file name="grid_12-825-55-15.css" server="ps16781.dreamhost.com/mikesinkula.com/" local="3384919892" remote="318763443829274443" Dst="-1" /><file name="specimen_stylesheet.css" server="ps16781.dreamhost.com/mikesinkula.com/" local="3384919892" remote="318763443829274443" Dst="-1" /><file name="easytabs.js" server="ps16781.dreamhost.com/mikesinkula.com/wp-content/" local="3384919892" remote="2163430641646182545" Dst="-1" /><file name="felt_tip_roman-cleartype.png" server="ps16781.dreamhost.com/mikesinkula.com/wp-content/" local="3384919892" remote="2163430641646182545" Dst="-1" /><file name="grid_12-825-55-15.css" server="ps16781.dreamhost.com/mikesinkula.com/wp-content/" local="3384919892" remote="2163430641646182545" Dst="-1" /><file name="specimen_stylesheet.css" server="ps16781.dreamhost.com/mikesinkula.com/wp-content/" local="3384919892" remote="2163430641646182545" Dst="-1" /><file name="easytabs.js" server="ps16781.dreamhost.com/jetcityimprov.premiumdw.com/" local="3384919892" remote="318763443872304188" Dst="-1" /><file name="felt_tip_roman-cleartype.png" server="ps16781.dreamhost.com/jetcityimprov.premiumdw.com/" local="3384919892" remote="318763443872304189" Dst="-1" /><file name="grid_12-825-55-15.css" server="ps16781.dreamhost.com/jetcityimprov.premiumdw.com/" local="3384919892" remote="318763443872304196" Dst="-1" /><file name="specimen_stylesheet.css" server="ps16781.dreamhost.com/jetcityimprov.premiumdw.com/" local="3384919892" remote="318763443872304196" Dst="-1" /></dwsync>