<?xml version="1.0" encoding="utf-8" ?><dwsync><file name="felt_tip_roman-webfont.eot" server="sccc.premiumdw.com/sccc.premiumdw.com/" local="3384919890" remote="115054059029" Dst="-1" /><file name="felt_tip_roman-webfont.svg" server="sccc.premiumdw.com/sccc.premiumdw.com/" local="3384919890" remote="115054059029" Dst="-1" /><file name="felt_tip_roman-webfont.ttf" server="sccc.premiumdw.com/sccc.premiumdw.com/" local="3384919888" remote="115054059030" Dst="-1" /><file name="felt_tip_roman-webfont.woff" server="sccc.premiumdw.com/sccc.premiumdw.com/" local="3384919890" remote="119349026326" Dst="-1" /><file name="FeltTipRomanRegular-demo.html" server="sccc.premiumdw.com/sccc.premiumdw.com/" local="3384919892" remote="127938960918" Dst="-1" /><file name="generator_config.txt" server="sccc.premiumdw.com/sccc.premiumdw.com/" local="3384919892" remote="89284255255" Dst="-1" /><file name="stylesheet.css" server="sccc.premiumdw.com/sccc.premiumdw.com/" local="3384919892" remote="63514451481" Dst="-1" /><file name="felt_tip_roman-webfont.eot" server="ps16781.dreamhost.com/mikesinkula.com/" local="3384919890" remote="318763443829274441" Dst="-1" /><file name="felt_tip_roman-webfont.svg" server="ps16781.dreamhost.com/mikesinkula.com/" local="3384919890" remote="318763443829274441" Dst="-1" /><file name="felt_tip_roman-webfont.ttf" server="ps16781.dreamhost.com/mikesinkula.com/" local="3384919888" remote="318763443829274442" Dst="-1" /><file name="felt_tip_roman-webfont.woff" server="ps16781.dreamhost.com/mikesinkula.com/" local="3384919890" remote="318763443829274442" Dst="-1" /><file name="FeltTipRomanRegular-demo.html" server="ps16781.dreamhost.com/mikesinkula.com/" local="3384919892" remote="318763443829274442" Dst="-1" /><file name="generator_config.txt" server="ps16781.dreamhost.com/mikesinkula.com/" local="3384919892" remote="318763443829274442" Dst="-1" /><file name="stylesheet.css" server="ps16781.dreamhost.com/mikesinkula.com/" local="3384919892" remote="318763443829274444" Dst="-1" /><file name="felt_tip_roman-webfont.eot" server="ps16781.dreamhost.com/mikesinkula.com/wp-content/" local="3384919890" remote="2100035962284548239" Dst="-1" /><file name="felt_tip_roman-webfont.svg" server="ps16781.dreamhost.com/mikesinkula.com/wp-content/" local="3384919890" remote="2100035962284548239" Dst="-1" /><file name="felt_tip_roman-webfont.ttf" server="ps16781.dreamhost.com/mikesinkula.com/wp-content/" local="3384919888" remote="2100035962284548239" Dst="-1" /><file name="felt_tip_roman-webfont.woff" server="ps16781.dreamhost.com/mikesinkula.com/wp-content/" local="3384919890" remote="2100035962284548240" Dst="-1" /><file name="FeltTipRomanRegular-demo.html" server="ps16781.dreamhost.com/mikesinkula.com/wp-content/" local="3384919892" remote="2100035962284548240" Dst="-1" /><file name="generator_config.txt" server="ps16781.dreamhost.com/mikesinkula.com/wp-content/" local="3384919892" remote="2100035962284548240" Dst="-1" /><file name="stylesheet.css" server="ps16781.dreamhost.com/mikesinkula.com/wp-content/" local="3384919892" remote="2168380247857438865" Dst="-1" /><file name="felt_tip_roman-webfont.eot" server="ps16781.dreamhost.com/jetcityimprov.premiumdw.com/" local="3384919890" remote="318763443872304177" Dst="-1" /><file name="felt_tip_roman-webfont.svg" server="ps16781.dreamhost.com/jetcityimprov.premiumdw.com/" local="3384919890" remote="318763443872304179" Dst="-1" /><file name="felt_tip_roman-webfont.ttf" server="ps16781.dreamhost.com/jetcityimprov.premiumdw.com/" local="3384919888" remote="318763443872304181" Dst="-1" /><file name="felt_tip_roman-webfont.woff" server="ps16781.dreamhost.com/jetcityimprov.premiumdw.com/" local="3384919890" remote="318763443872304183" Dst="-1" /><file name="FeltTipRomanRegular-demo.html" server="ps16781.dreamhost.com/jetcityimprov.premiumdw.com/" local="3384919892" remote="318763443872304183" Dst="-1" /><file name="generator_config.txt" server="ps16781.dreamhost.com/jetcityimprov.premiumdw.com/" local="3384919892" remote="318763443872304185" Dst="-1" /><file name="stylesheet.css" server="ps16781.dreamhost.com/jetcityimprov.premiumdw.com/" local="3384919892" remote="318763443872304198" Dst="-1" /></dwsync>