<?xml version="1.0" encoding="utf-8" ?><dwsync><file name="single.php" server="premiumdw.com/premiumdw.com/" local="3314923167" remote="3314923167" Dst="-1" /><file name="page.php" server="premiumdw.com/premiumdw.com/" local="3314923167" remote="3314923167" Dst="-1" /><file name="index.php" server="premiumdw.com/premiumdw.com/" local="3314923167" remote="3314923167" Dst="-1" /><file name="footer.php" server="premiumdw.com/premiumdw.com/" local="3314923167" remote="3314923167" Dst="-1" /><file name="functions.php" server="premiumdw.com/premiumdw.com/" local="3314923167" remote="3314923167" Dst="-1" /><file name="header.php" server="premiumdw.com/premiumdw.com/" local="3314923167" remote="3314923167" Dst="-1" /><file name="comments.php" server="premiumdw.com/premiumdw.com/" local="3314923167" remote="3314923167" Dst="-1" /><file name="style.css" server="premiumdw.com/premiumdw.com/" local="3314923167" remote="3314923167" Dst="-1" /><file name="comments.php" server="mikesinkula.com/mikesinkula.com/" local="3336969314" remote="1585605137637186661" Dst="-1" /><file name="footer.php" server="mikesinkula.com/mikesinkula.com/" local="3359077402" remote="2052574993060426781" Dst="-1" /><file name="functions.php" server="mikesinkula.com/mikesinkula.com/" local="3356927498" remote="2343461170827404810" Dst="-1" /><file name="header.php" server="mikesinkula.com/mikesinkula.com/" local="3357157531" remote="2110465998247831708" Dst="-1" /><file name="index.php" server="mikesinkula.com/mikesinkula.com/" local="3356668733" remote="2224308126517211965" Dst="-1" /><file name="page.php" server="mikesinkula.com/mikesinkula.com/" local="3356669325" remote="2185422437512033678" Dst="-1" /><file name="single.php" server="mikesinkula.com/mikesinkula.com/" local="3356669335" remote="2225666573133329815" Dst="-1" /><file name="style.css" server="mikesinkula.com/mikesinkula.com/" local="3358991346" remote="2094126568266146801" Dst="-1" /><file name="header.php" server="ps16781.dreamhost.com/mikesinkula.com/" local="3464983555" remote="318763443857880067" Dst="-1" /><file name="style.css" server="ps16781.dreamhost.com/mikesinkula.com/" local="3470845189" remote="318763443863741702" Dst="-1" /><file name="page.php" server="ps16781.dreamhost.com/mikesinkula.com/" local="3466729373" remote="318763443859625893" Dst="-1" /><file name="index.php" server="ps16781.dreamhost.com/mikesinkula.com/" local="3461020054" remote="318763443853916566" Dst="-1" /><file name="single.php" server="ps16781.dreamhost.com/mikesinkula.com/" local="3462729874" remote="318763443855626387" Dst="-1" /><file name="comments.php" server="ps16781.dreamhost.com/mikesinkula.com/" local="3427054563" remote="318763443829274440" Dst="-1" /><file name="functions.php" server="ps16781.dreamhost.com/mikesinkula.com/" local="3463000601" remote="318763443855897113" Dst="-1" /><file name="footer.php" server="ps16781.dreamhost.com/mikesinkula.com/" local="3462732415" remote="318763443855628928" Dst="-1" /><file name="style.css" server="ps16781.dreamhost.com/mikesinkula.com/wp-content/" local="3417112532" remote="425535725198180309" Dst="-1" /><file name="header.php" server="ps16781.dreamhost.com/mikesinkula.com/wp-content/" local="3414433806" remote="2097050839754743824" Dst="-1" /><file name="screenshot.png" server="ps16781.dreamhost.com/mikesinkula.com/" local="3436377811" remote="318763443829274465" Dst="-1" /><file name="flexslider.css" server="ps16781.dreamhost.com/mikesinkula.com/" local="3458405488" remote="318763443851302002" Dst="-1" /><file name="comments.php" server="ps16781.dreamhost.com/jetcityimprov.premiumdw.com/" local="3427054563" remote="318763443865391516" Dst="-1" /><file name="footer.php" server="ps16781.dreamhost.com/jetcityimprov.premiumdw.com/" local="3473622338" remote="318763443866518850" Dst="-1" /><file name="functions.php" server="ps16781.dreamhost.com/jetcityimprov.premiumdw.com/" local="3478107471" remote="318763443871003984" Dst="-1" /><file name="header.php" server="ps16781.dreamhost.com/jetcityimprov.premiumdw.com/" local="3478110324" remote="318763443871006837" Dst="-1" /><file name="index.php" server="ps16781.dreamhost.com/jetcityimprov.premiumdw.com/" local="3473961700" remote="318763443866858212" Dst="-1" /><file name="page.php" server="ps16781.dreamhost.com/jetcityimprov.premiumdw.com/" local="3474087771" remote="318763443866984284" Dst="-1" /><file name="screenshot.png" server="ps16781.dreamhost.com/jetcityimprov.premiumdw.com/" local="3436377811" remote="318763443865391713" Dst="-1" /><file name="single.php" server="ps16781.dreamhost.com/jetcityimprov.premiumdw.com/" local="3473961702" remote="318763443866858215" Dst="-1" /><file name="page-home.php" server="ps16781.dreamhost.com/jetcityimprov.premiumdw.com/" local="3473280380" remote="318763443866176893" Dst="-1" /><file name="sidebar.php" server="ps16781.dreamhost.com/jetcityimprov.premiumdw.com/" local="3474082481" remote="318763443866978994" Dst="-1" /><file name="search.php" server="ps16781.dreamhost.com/jetcityimprov.premiumdw.com/" local="3473962707" remote="318763443866859220" Dst="-1" /><file name="404.php" server="ps16781.dreamhost.com/jetcityimprov.premiumdw.com/" local="3473962906" remote="318763443870928854" Dst="-1" /><file name="style.css" server="ps16781.dreamhost.com/jetcityimprov.premiumdw.com/" local="3478111418" remote="318763443871007931" Dst="-1" /><file name="404.php" server="ps16781.dreamhost.com/wireframe.premiumdw.com/" local="3473962906" remote="319783739124480979" Dst="-1" /><file name="comments.php" server="ps16781.dreamhost.com/wireframe.premiumdw.com/" local="3427054563" remote="319783739124480980" Dst="-1" /><file name="flexslider.css" server="ps16781.dreamhost.com/wireframe.premiumdw.com/" local="3474143639" remote="319783739124480981" Dst="-1" /><file name="footer.php" server="ps16781.dreamhost.com/wireframe.premiumdw.com/" local="3473622338" remote="319783739124480996" Dst="-1" /><file name="functions.php" server="ps16781.dreamhost.com/wireframe.premiumdw.com/" local="3490983797" remote="319783739134848886" Dst="-1" /><file name="header.php" server="ps16781.dreamhost.com/wireframe.premiumdw.com/" local="3490983212" remote="319783739134848301" Dst="-1" /><file name="index.php" server="ps16781.dreamhost.com/wireframe.premiumdw.com/" local="3490806887" remote="319783739134671976" Dst="-1" /><file name="page-home.php" server="ps16781.dreamhost.com/wireframe.premiumdw.com/" local="3490806969" remote="319783739134672058" Dst="-1" /><file name="page.php" server="ps16781.dreamhost.com/wireframe.premiumdw.com/" local="3490735499" remote="319783739134600587" Dst="-1" /><file name="screenshot.png" server="ps16781.dreamhost.com/wireframe.premiumdw.com/" local="3436377811" remote="319783739124481041" Dst="-1" /><file name="search.php" server="ps16781.dreamhost.com/wireframe.premiumdw.com/" local="3490805692" remote="319783739134670781" Dst="-1" /><file name="sidebar.php" server="ps16781.dreamhost.com/wireframe.premiumdw.com/" local="3490805419" remote="319783739134670512" Dst="-1" /><file name="single.php" server="ps16781.dreamhost.com/wireframe.premiumdw.com/" local="3490805791" remote="319783739134670887" Dst="-1" /><file name="style.css" server="ps16781.dreamhost.com/wireframe.premiumdw.com/" local="3490815363" remote="319783739134680452" Dst="-1" /></dwsync>