<?xml version="1.0" encoding="utf-8" ?><dwsync><file name="ico-poop.png" server="ps16781.dreamhost.com/mikesinkula.com/" local="3368815117" remote="318763443829274455" Dst="-1" /><file name="bg-12col.png" server="ps16781.dreamhost.com/mikesinkula.com/" local="3427336591" remote="318763443829274445" Dst="-1" /><file name="bg-12col.png" server="ps16781.dreamhost.com/jetcityimprov.premiumdw.com/" local="3474405400" remote="318763443872304203" Dst="-1" /><file name="ico-poop.png" server="ps16781.dreamhost.com/jetcityimprov.premiumdw.com/" local="3368815117" remote="318763443872304208" Dst="-1" /><file name="FPO-logo.png" server="ps16781.dreamhost.com/jetcityimprov.premiumdw.com/" local="3473537417" remote="318763443872304204" Dst="-1" /><file name="img-toggle.png" server="ps16781.dreamhost.com/jetcityimprov.premiumdw.com/" local="3472579701" remote="318763443872304210" Dst="-1" /><file name="img-facebook.png" server="ps16781.dreamhost.com/jetcityimprov.premiumdw.com/" local="3473707668" remote="318763443872304208" Dst="-1" /><file name="img-twitter.png" server="ps16781.dreamhost.com/jetcityimprov.premiumdw.com/" local="3473707653" remote="318763443872304210" Dst="-1" /><file name="img-youtube.png" server="ps16781.dreamhost.com/jetcityimprov.premiumdw.com/" local="3473707683" remote="318763443872304211" Dst="-1" /><file name="FPO-tickets.png" server="ps16781.dreamhost.com/jetcityimprov.premiumdw.com/" local="3473708577" remote="318763443872304207" Dst="-1" /><file name="bg-flexnav.png" server="ps16781.dreamhost.com/jetcityimprov.premiumdw.com/" local="3474076852" remote="318763443872304204" Dst="-1" /><file name="FPO-spotlight.png" server="ps16781.dreamhost.com/jetcityimprov.premiumdw.com/" local="3473182929" remote="318763443872304205" Dst="-1" /><file name="FPO-spotlights-one.png" server="ps16781.dreamhost.com/jetcityimprov.premiumdw.com/" local="3474076039" remote="318763443872304206" Dst="-1" /><file name="FPO-spotlights-three.png" server="ps16781.dreamhost.com/jetcityimprov.premiumdw.com/" local="3474076070" remote="318763443872304206" Dst="-1" /><file name="FPO-spotlights-two.png" server="ps16781.dreamhost.com/jetcityimprov.premiumdw.com/" local="3474076055" remote="318763443872304207" Dst="-1" /><file name="glyphicons_157_show_thumbnails_with_lines.png" server="ps16781.dreamhost.com/jetcityimprov.premiumdw.com/" local="3455676906" remote="318763443872304208" Dst="-1" /><file name="img-mobile.png" server="ps16781.dreamhost.com/jetcityimprov.premiumdw.com/" local="3455677018" remote="318763443872304209" Dst="-1" /></dwsync>